Order ID,ProductID,Quantity,Order Date
1001,40,3,09-17-2023
1002,1,1,09-24-2023
1003,35,5,09-27-2023
1004,22,2,09-14-2023
1005,1,3,09-26-2023
1006,4,1,09-29-2023
1007,42,2,09-23-2023
1008,21,5,09-07-2023
1009,23,3,09-16-2023
1010,14,1,09-16-2023
1011,46,3,09-07-2023
1012,20,2,09-27-2023
1013,26,4,09-08-2023
1014,20,1,09-03-2023
1015,4,2,09-30-2023
1016,4,2,09-03-2023
1017,7,4,09-01-2023
1018,36,4,09-20-2023
1019,39,3,09-23-2023
1020,17,4,09-14-2023
1021,9,3,09-07-2023
1022,15,5,09-24-2023
1023,24,5,09-14-2023
1024,15,3,09-18-2023
1025,25,2,09-11-2023
1026,46,2,09-25-2023
1027,27,4,09-21-2023
1028,38,2,09-05-2023
1029,21,1,09-08-2023
1030,43,3,09-12-2023
1031,21,1,09-05-2023
1032,1,3,09-11-2023
1033,10,5,09-12-2023
1034,36,4,09-13-2023
1035,6,3,09-18-2023
1036,31,3,09-13-2023
1037,26,2,09-26-2023
1038,7,4,09-30-2023
1039,10,2,09-09-2023
1040,13,5,09-05-2023
1041,39,4,09-25-2023
1042,3,1,09-28-2023
1043,17,5,09-19-2023
1044,44,3,09-04-2023
1045,9,5,09-02-2023
1046,10,3,09-13-2023
1047,12,1,09-19-2023
1048,12,4,09-04-2023
1049,33,3,09-13-2023
1050,24,5,09-18-2023
